{"train_losses": [10.492585261662802, 3.7980320851008096, 3.596205015977224, 3.598441561063131, 3.5875876943270364, 3.5928600231806436, 3.586513261000315, 3.585937569538752, 3.5914705197016397, 3.588172266880671, 3.589484453201294, 3.580786476532618, 3.5552610655625663, 3.5090104242165885, 3.483554740746816, 3.4548487762610116, 3.427422066529592, 3.3918569485346475, 3.3256857991218567, 3.2756235102812448, 3.18952277302742, 3.097079853216807, 3.0120900869369507, 2.959811359643936, 2.870810180902481, 2.8166382014751434, 2.719950884580612, 2.642742782831192, 2.5138329764207206, 2.4258136252562204, 2.3308780242999396, 2.2611091633637748, 2.1563216845194497, 2.0499829898277917, 1.9976604183514912, 1.8847853342692058, 1.819497009118398, 1.758053054412206, 1.6415899048248928, 1.561067928870519, 1.4968488663434982, 1.4491860220829647, 1.3305663466453552, 1.282011166214943, 1.1905061155557632, 1.2389804025491078], "valid_losses": [5.1936492919921875, 4.407299041748047, 4.330135822296143, 4.320211887359619, 4.353499889373779, 4.30728816986084, 4.351616382598877, 4.341736793518066, 4.322917461395264, 4.32541036605835, 4.341177940368652, 4.349989414215088, 4.344515323638916, 4.388346195220947, 4.389638423919678, 4.371990203857422, 4.384300708770752, 4.421286106109619, 4.467271327972412, 4.4265971183776855, 4.500512599945068, 4.629936218261719, 4.735663890838623, 4.742741107940674, 4.775455474853516, 4.780777931213379, 5.172569274902344, 5.097263336181641, 5.096888542175293, 5.239368915557861, 5.3876190185546875, 5.357577800750732, 5.627973556518555, 5.855788707733154, 5.871488571166992, 6.239821434020996, 6.029719352722168, 6.012261867523193, 5.99747371673584, 6.116153240203857, 6.1471662521362305, 6.189114093780518, 6.3282856941223145, 6.194927215576172, 6.207732677459717, 6.155540943145752]}