{"train_losses": [10.492585261662802, 3.7980320851008096, 3.596205015977224, 3.598441561063131, 3.5875876943270364, 3.5928600231806436, 3.586513261000315, 3.585937569538752, 3.5914705197016397, 3.588172266880671, 3.589484453201294, 3.580786476532618, 3.5552610655625663, 3.5090104242165885, 3.483554740746816, 3.4548487762610116, 3.427422066529592, 3.3918569485346475, 3.3256857991218567, 3.2756235102812448, 3.18952277302742, 3.097079853216807, 3.0120900869369507, 2.959811359643936, 2.870810180902481, 2.8166382014751434, 2.719950884580612, 2.642742782831192, 2.5138329764207206, 2.4258136252562204, 2.3308780242999396, 2.2611091633637748, 2.1563216845194497, 2.0499829898277917, 1.9976604183514912, 1.8847853342692058, 1.819497009118398, 1.758053054412206, 1.6415899048248928, 1.561067928870519, 1.4968488663434982, 1.4491860220829647, 1.3305663466453552, 1.282011166214943, 1.1905061155557632, 1.2389804025491078, 1.1017517174283664, 1.0514215901494026, 0.9659634381532669, 0.9003689313928286, 0.8351191853483518, 0.7957759300867716, 0.7134437337517738, 0.6615452071030935, 0.5952800127367178, 0.6226513485113779, 0.6438943060735861, 0.526008786012729, 0.45748407021164894, 0.4179935318728288, 0.3993735189239184, 0.38283399244149524, 0.37240413452188176, 0.37754062935709953, 0.33032174160083133, 0.259363707775871, 0.22068396645287672, 0.2108670069525639, 0.1893954873085022, 0.1706995399047931, 0.1608070625613133, 0.15992533167203268, 0.15440237460037073, 0.1663316786289215, 0.14814783073961735, 0.15853572264313698, 0.13351303556313118, 0.11728836285571258, 0.11259324414034684, 0.11722049055000146, 0.12053538672626019, 0.12795241984228292, 0.12121407315135002, 0.11596786386022966, 0.10083203359196584, 0.09696837048977613, 0.08419072596977155, 0.08615036029368639, 0.07936441091199715, 0.09812051057815552, 0.08442912188669045, 0.07586010359227657, 0.0852477199708422, 0.10172468703240156, 0.10191902735581, 0.08258489581445853, 0.08018955557296674, 0.08444652458031972, 0.11221186971912782, 0.10514784138649702, 0.0700380754036208, 0.06078467502569159, 0.06280984900270899, 0.05954576454435786, 0.056709697004407644, 0.05587016837671399], "valid_losses": [5.1936492919921875, 4.407299041748047, 4.330135822296143, 4.320211887359619, 4.353499889373779, 4.30728816986084, 4.351616382598877, 4.341736793518066, 4.322917461395264, 4.32541036605835, 4.341177940368652, 4.349989414215088, 4.344515323638916, 4.388346195220947, 4.389638423919678, 4.371990203857422, 4.384300708770752, 4.421286106109619, 4.467271327972412, 4.4265971183776855, 4.500512599945068, 4.629936218261719, 4.735663890838623, 4.742741107940674, 4.775455474853516, 4.780777931213379, 5.172569274902344, 5.097263336181641, 5.096888542175293, 5.239368915557861, 5.3876190185546875, 5.357577800750732, 5.627973556518555, 5.855788707733154, 5.871488571166992, 6.239821434020996, 6.029719352722168, 6.012261867523193, 5.99747371673584, 6.116153240203857, 6.1471662521362305, 6.189114093780518, 6.3282856941223145, 6.194927215576172, 6.207732677459717, 6.155540943145752, 6.321078777313232, 6.353671073913574, 6.377902984619141, 6.369262218475342, 6.469836235046387, 6.638833045959473, 6.568456649780273, 6.636787414550781, 6.6049675941467285, 6.502009868621826, 6.638769149780273, 6.757481575012207, 6.812300205230713, 6.781096935272217, 6.856138229370117, 6.792373180389404, 6.789028167724609, 6.977378845214844, 6.894979476928711, 6.8608880043029785, 6.920502662658691, 7.08344030380249, 7.047703742980957, 7.042150497436523, 7.17166805267334, 7.033239364624023, 7.179121971130371, 7.103047847747803, 7.132373332977295, 7.03287410736084, 6.990341663360596, 7.112402439117432, 6.905073642730713, 6.927250862121582, 6.941895961761475, 6.897748947143555, 7.176450729370117, 6.892146587371826, 6.851916790008545, 6.953987121582031, 6.961691856384277, 6.893918514251709, 6.957486152648926, 6.976193904876709, 6.894464015960693, 7.145240306854248, 7.005214214324951, 6.842235088348389, 6.981281280517578, 7.0387749671936035, 6.930341720581055, 6.924276351928711, 6.804962158203125, 6.9823994636535645, 6.945556163787842, 6.922739505767822, 7.029977798461914, 6.8579511642456055, 6.890727996826172, 6.874911785125732]}