{"train_losses": [8.987415383259455, 3.7641597588857016, 3.579998513062795, 3.576859792073568, 3.5352369844913483, 3.5020082096258798, 3.440299133459727, 3.3784152567386627, 3.3081301351388297, 3.235560675462087, 3.1527567406495414, 3.0858444273471832, 3.0017858743667603, 2.9546665251255035, 2.856321096420288, 2.8196588357289634, 2.756356567144394, 2.7036963999271393, 2.6593891282876334, 2.582679202159246, 2.513548572858175, 2.49014284213384, 2.4559145073095956, 2.4157621661822], "valid_losses": [5.204576015472412, 4.320091724395752, 4.342986106872559, 4.319586277008057, 4.374068737030029, 4.3499579429626465, 4.437846660614014, 4.464251518249512, 4.514040946960449, 4.698158264160156, 4.774692535400391, 4.904476642608643, 4.932736396789551, 4.828977108001709, 4.94650936126709, 4.9198899269104, 5.031614303588867, 4.975152015686035, 4.998985767364502, 5.110852241516113, 5.0200700759887695, 5.105615139007568, 5.115935325622559, 5.143110752105713]}