{"train_losses": [10.492585261662802, 3.7980320851008096, 3.596205015977224, 3.598441561063131, 3.5875876943270364, 3.5928600231806436, 3.586513261000315, 3.585937569538752, 3.5914705197016397, 3.588172266880671, 3.589484453201294, 3.580786476532618, 3.5552610655625663, 3.5090104242165885, 3.483554740746816, 3.4548487762610116, 3.427422066529592, 3.3918569485346475, 3.3256857991218567, 3.2756235102812448, 3.18952277302742, 3.097079853216807, 3.0120900869369507, 2.959811359643936, 2.870810180902481, 2.8166382014751434], "valid_losses": [5.1936492919921875, 4.407299041748047, 4.330135822296143, 4.320211887359619, 4.353499889373779, 4.30728816986084, 4.351616382598877, 4.341736793518066, 4.322917461395264, 4.32541036605835, 4.341177940368652, 4.349989414215088, 4.344515323638916, 4.388346195220947, 4.389638423919678, 4.371990203857422, 4.384300708770752, 4.421286106109619, 4.467271327972412, 4.4265971183776855, 4.500512599945068, 4.629936218261719, 4.735663890838623, 4.742741107940674, 4.775455474853516, 4.780777931213379]}